Date,Temp,Price
2011-01-03,-4.5,1738
2011-01-04,-3.9,1738
2011-01-05,-4,1738
2011-01-06,-7.6,1538
2011-01-07,-7,1538
2011-01-10,-8.2,1543
2011-01-11,-5.4,1543
2011-01-12,-8.2,1543
2011-01-13,-5.9,1677
2011-01-14,-3.8,1677
2011-01-17,-9.7,1677
2011-01-18,-6.7,1743
2011-01-19,-6.6,1743
2011-01-20,-8.2,1793
2011-01-21,-6.8,1793
2011-01-24,-8.8,1665
2011-01-25,-8.4,1722
2011-01-26,-8.5,1722
2011-01-27,-8.9,1665
2011-01-28,-7.9,1665
2011-01-31,-6.2,1942
2011-02-01,-0.2,1912
2011-02-07,0.3,2297
2011-02-08,2.9,1997
2011-02-09,-1.2,2047
2011-02-10,-2.1,1845
2011-02-11,-2.9,1795
2011-02-14,-3.4,1922
2011-02-15,-1.8,1938
2011-02-16,-0.6,1938
2011-02-17,0.9,2092
2011-02-18,1.6,2077
2011-02-21,6.2,2018
2011-02-22,6.2,2018
2011-02-23,5.6,1835
2011-02-24,6.1,1682
2011-02-25,2,1682
2011-02-28,2.8,1760
2011-03-02,-2.1,1760
2011-03-03,-2.1,1697
2011-03-04,0.1,1780
2011-03-07,1.6,1762
2011-03-08,1.6,1762
2011-03-09,0.2,1762
2011-03-10,1.4,1762
2011-03-11,4.6,1762
2011-03-14,6.7,1793
2011-03-15,1.5,1793
2011-03-16,-0.4,1793
2011-03-17,0.8,1793
2011-03-18,5.7,1793
2011-03-21,8,1783
2011-03-22,1.8,1783
2011-03-23,2.2,1783
2011-03-24,2.9,1783
2011-03-25,2.2,1783
2011-03-28,5.2,1737
2011-03-29,4.8,1737
2011-03-30,7.3,1737
2011-03-31,9.2,1737
2011-04-01,9.1,1737
2011-04-04,10.1,1853
2011-04-05,10.7,1867
2011-04-06,10.6,1867
2011-04-07,9.6,1917
2011-04-08,11.4,1868
2011-04-11,10.4,1867
2011-04-12,10.2,1867
2011-04-13,11.3,1867
2011-04-14,12.4,1917
2011-04-15,12.2,1917
2011-04-18,6.7,2027
2011-04-19,10.8,2027
2011-04-20,11.2,2027
2011-04-21,13.5,1743
2011-04-22,8.9,1743
2011-04-25,11.3,1743
2011-04-26,10.5,1717
2011-04-27,11.4,1717
2011-04-28,10.4,1800
2011-04-29,13.2,1867
2011-05-02,14.2,1818
2011-05-03,15.3,1817
2011-05-04,15.9,1817
2011-05-06,15.4,1753
2011-05-09,17.6,1985
2011-05-11,17.2,1985
2011-05-12,15.7,2085
2011-05-13,14.6,2085
2011-05-16,16.4,2125
2011-05-17,17.5,2125
2011-05-18,20.5,2188
2011-05-19,20.7,2105
2011-05-20,17.5,2055
2011-05-23,19.5,2075
2011-05-24,21.5,1925
2011-05-25,22.7,1925
2011-05-26,20.7,2075
2011-05-27,20.1,2142
2011-05-30,22.7,2287
2011-05-31,18.7,2275
2011-06-01,18,2242
2011-06-02,19,2308
2011-06-03,19,2375
2011-06-07,20.9,2317
2011-06-08,22,2317
2011-06-09,19.4,2317
2011-06-10,21.4,2333
2011-06-13,21,2338
2011-06-14,22.8,2333
2011-06-15,25.2,2408
2011-06-16,26.5,2333
2011-06-17,24.9,2338
2011-06-20,26.6,2355
2011-06-21,24.1,2355
2011-06-22,22.7,2350
2011-06-23,22,2355
2011-06-24,19.7,2355
2011-06-27,19.2,2388
2011-06-28,24.1,2388
2011-06-29,21,2388
2011-06-30,23.8,2235
2011-07-01,25.1,2167
2011-07-04,22.5,2167
2011-07-05,24.3,2167
2011-07-06,25.6,2167
2011-07-07,22.9,2217
2011-07-08,22.4,2217
2011-07-11,21.2,2217
2011-07-12,22.8,2217
2011-07-13,24.3,2320
2011-07-14,23.6,2320
2011-07-15,23.4,2233
2011-07-18,28.7,2320
2011-07-19,28.5,2320
2011-07-20,27.6,2320
2011-07-21,27.1,2320
2011-07-22,24.1,2285
2011-07-25,24.9,2285
2011-07-26,24.8,2252
2011-07-27,24,2252
2011-07-28,24.7,2047
2011-07-29,26.2,2047
2011-08-01,25.6,2115
2011-08-02,26.1,2095
2011-08-03,25.4,2095
2011-08-04,25.4,2095
2011-08-05,28.9,2095
2011-08-08,24.7,2118
2011-08-09,26,2118
2011-08-10,25.8,2118
2011-08-11,26.6,2068
2011-08-12,25.3,2068
2011-08-16,25,2057
2011-08-17,23.7,2057
2011-08-18,25.2,2157
2011-08-19,24.4,2112
2011-08-22,23.5,2107
2011-08-23,24.3,2023
2011-08-24,24.8,2045
2011-08-25,25.7,2167
2011-08-26,26.4,2167
2011-08-29,26.8,2077
2011-08-30,27.1,2093
2011-08-31,27.9,1970
2011-09-01,27,1987
2011-09-02,26.9,1910
2011-09-05,23.8,1860
2011-09-06,23.4,1860
2011-09-07,22.6,1915
2011-09-08,22.3,1915
2011-09-09,19.9,1937
2011-09-14,24.4,1953
2011-09-15,25.7,1915
2011-09-16,25.6,1915
2011-09-19,16.8,1915
2011-09-20,17.7,1930
2011-09-21,18.1,1930
2011-09-22,18.1,1830
2011-09-23,19.5,1830
2011-09-26,21.2,1813
2011-09-27,21.8,1808
2011-09-28,19.8,1808
2011-09-29,16.9,1817
2011-09-30,14.8,1740
2011-10-04,14.9,1602
2011-10-05,16.4,1602
2011-10-06,16.5,1762
2011-10-07,15.4,1783
2011-10-10,16.9,1683
2011-10-11,16.5,1683
2011-10-12,14.7,1683
2011-10-13,16.6,1795
2011-10-14,14.4,1770
2011-10-17,11.2,1770
2011-10-18,9.4,1770
2011-10-19,12.8,1770
2011-10-20,15.5,1800
2011-10-21,17.3,1695
2011-10-24,12.3,1763
2011-10-25,7.6,1763
2011-10-26,9.5,1763
2011-10-27,12.7,1492
2011-10-28,14.5,1435
2011-10-31,15,1417
2011-11-01,16.1,1417
2011-11-02,16.2,1417
2011-11-03,16.8,1598
2011-11-04,18.4,1462
2011-11-07,15.1,1680
2011-11-08,14.9,1572
2011-11-09,14.5,1610
2011-11-10,14.1,1682
2011-11-11,12.5,1610
2011-11-14,6.4,1667
2011-11-15,7.2,1690
2011-11-16,10.9,1707
2011-11-17,13.6,1563
2011-11-18,14.2,1608
2011-11-21,1.6,1648
2011-11-22,5.6,1698
2011-11-23,2.8,1698
2011-11-24,-1.6,2003
2011-11-25,2.8,2047
2011-11-28,14.6,2047
2011-11-29,11.3,2047
2011-11-30,4.7,1932
2011-12-02,5.5,1927
2011-12-05,1.5,1938
2011-12-06,3.9,1872
2011-12-07,4,1872
2011-12-08,0.1,1977
2011-12-09,-2.7,1977
2011-12-12,3.5,2098
2011-12-13,1.5,1977
2011-12-14,2.4,1977
2011-12-15,-3.9,2182
2011-12-16,-7.1,2093
2011-12-19,-2.4,2127
2011-12-20,-0.3,2127
2011-12-21,1.9,2127
2011-12-22,-5.5,1943
2011-12-23,-5.4,1943
2011-12-26,-7.1,1943
2011-12-27,-4,1943
2011-12-28,-0.5,1943
2011-12-29,-1.7,2042
2011-12-30,-3,2042
2012-01-02,-4.8,1992
2012-01-03,-4.5,2020
2012-01-04,-7.4,2020
2012-01-05,-5.7,1975
2012-01-06,-2.8,1953
2012-01-09,-0.3,1913
2012-01-10,-2.5,1913
2012-01-11,-6,1835
2012-01-12,-4.6,1667
2012-01-13,-1.2,1617
2012-01-16,1,1617
2012-01-17,2.8,1617
2012-01-18,1.4,1617
2012-01-19,5.3,1890
2012-01-20,5.4,1777
2012-01-25,-8.2,1777
2012-01-26,-2.9,1777
2012-01-27,-0.9,1777
2012-01-30,-5.6,1865
2012-01-31,-4.7,1865
2012-02-01,-12.8,1710
2012-02-02,-13.7,1600
2012-02-03,-8.6,1600
2012-02-06,0.9,1579
2012-02-07,-8.7,1604
2012-02-08,-8,1626
2012-02-09,-4.5,1530
2012-02-10,-3.5,1516
2012-02-13,3.1,1516
2012-02-14,3,1516
2012-02-15,-1.3,1516
2012-02-16,-2.8,1523
2012-02-17,-6.4,1523
2012-02-20,-0.2,1537
2012-02-21,2.3,1537
2012-02-22,5.8,1551
2012-02-23,4.4,1609
2012-02-24,4.3,1609
2012-02-27,-0.7,1611
2012-02-28,2.1,1611
2012-03-02,6.9,1394
2012-03-05,5.3,1394
2012-03-06,3,1394
2012-03-07,3,1394
2012-03-08,2,1587
2012-03-09,3.4,1587
2012-03-12,-1.6,1630
2012-03-13,1.7,1630
2012-03-14,3.6,1630
2012-03-15,5.5,1486
2012-03-16,8.1,1486
2012-03-19,2.8,1587
2012-03-20,3.1,1566
2012-03-21,4.3,1637
2012-03-22,7.8,1701
2012-03-23,5,1611
2012-03-26,3.9,1593
2012-03-27,6.4,1664
2012-03-28,10.1,1607
2012-03-29,11.6,1569
2012-03-30,9,1569
2012-04-02,8.3,1583
2012-04-03,4.9,1569
2012-04-04,7.2,1626
2012-04-05,6.7,1447
2012-04-06,5.4,1447
2012-04-09,15.4,1390
2012-04-10,13.7,1390
2012-04-12,8.9,1529
2012-04-13,10.3,1529
2012-04-16,11.9,1554
2012-04-17,13.6,1554
2012-04-18,15.2,1611
2012-04-19,17,1654
2012-04-20,18.4,1650
2012-04-23,12.9,1593
2012-04-24,19.7,1593
2012-04-25,15.1,1626
2012-04-26,11.9,1587
2012-04-27,15.2,1587
2012-04-30,22.9,1554
2012-05-02,23.1,1526
2012-05-03,20,1564
2012-05-04,19.7,1564
2012-05-07,18.5,1564
2012-05-08,20.8,1564
2012-05-09,20.7,1650
2012-05-10,20.1,1549
2012-05-11,16.2,1549
2012-05-14,16.1,1606
2012-05-15,16.9,1563
2012-05-16,16.6,1563
2012-05-17,16.6,1630
2012-05-18,18.1,1601
2012-05-21,23,1597
2012-05-22,23.3,1679
2012-05-23,22.1,1650
2012-05-24,19.7,1731
2012-05-25,20.5,1731
2012-05-29,21.6,1821
2012-05-30,20.7,1850
2012-05-31,20.9,1883
2012-06-01,21.4,1860
2012-06-04,23.7,1921
2012-06-05,22.5,1874
2012-06-07,23,1817
2012-06-08,22.2,1817
2012-06-11,23.2,1874
2012-06-12,22.6,1874
2012-06-13,23.4,1874
2012-06-14,24.8,1826
2012-06-15,23.7,1826
2012-06-18,24.9,1850
2012-06-19,26,1850
2012-06-20,25.4,1850
2012-06-21,25.7,1950
2012-06-22,24.3,1950
2012-06-25,26.5,1979
2012-06-26,24.6,1943
2012-06-27,24.8,1910
2012-06-28,25.3,1886
2012-06-29,25.9,1886
2012-07-02,24,1869
2012-07-03,22.7,1869
2012-07-04,24.4,1869
2012-07-05,22.7,1893
2012-07-06,20.9,1893
2012-07-09,26.3,1836
2012-07-10,25.9,1917
2012-07-11,23.3,1804
2012-07-12,24.7,1804
2012-07-13,26.1,1804
2012-07-16,21.7,1860
2012-07-17,25.5,1860
2012-07-18,26.3,1860
2012-07-19,23.9,1860
2012-07-20,25.6,1860
2012-07-23,27.6,1843
2012-07-24,27.8,1833
2012-07-25,27.9,1833
2012-07-26,28.1,1741
2012-07-27,27.9,1741
2012-07-30,28.4,1741
2012-07-31,29,1741
2012-08-01,30.8,1703
2012-08-02,30.8,1641
2012-08-03,31.3,1641
2012-08-06,31.5,1611
2012-08-07,30.7,1640
2012-08-08,29.6,1626
2012-08-09,29.7,1679
2012-08-10,27.4,1679
2012-08-13,26.6,1684
2012-08-14,26.7,1684
2012-08-16,26,1660
2012-08-17,27.5,1660
2012-08-20,25.4,1703
2012-08-21,25.3,1711
2012-08-22,22,1683
2012-08-23,23,1734
2012-08-24,23.3,1734
2012-08-27,28.5,1703
2012-08-28,26.1,1703
2012-08-29,25.7,1681
2012-08-30,21.4,1749
2012-08-31,23.8,1749
2012-09-03,24.9,1749
2012-09-04,22,1749
2012-09-05,22.3,1807
2012-09-06,21.6,1789
2012-09-07,22.5,1779
2012-09-10,23.2,1779
2012-09-11,22.8,1779
2012-09-12,21.6,1770
2012-09-13,20,1759
2012-09-14,19.4,1759
2012-09-17,17.3,1744
2012-09-18,20.9,1744
2012-09-19,20.6,1744
2012-09-20,20.1,1631
2012-09-21,20.1,1617
2012-09-24,21.5,1559
2012-09-25,21.8,1559
2012-09-26,21.3,1559
2012-09-27,20.3,1550
2012-09-28,18,1550
2012-10-02,19.3,1521
2012-10-04,19,1564
2012-10-05,19,1564
2012-10-08,18.4,1507
2012-10-09,17.6,1489
2012-10-10,15.7,1484
2012-10-11,13.9,1460
2012-10-12,14.9,1474
2012-10-15,14.8,1431
2012-10-16,17.1,1446
2012-10-17,12.6,1446
2012-10-18,11.6,1403
2012-10-19,14.8,1403
2012-10-22,13.4,1394
2012-10-23,10,1394
2012-10-24,13.2,1387
2012-10-25,15.2,1061
2012-10-26,15.9,1060
2012-10-29,11.7,1060
2012-10-30,8.6,1057
2012-10-31,6.9,1057
2012-11-01,5.6,1327
2012-11-02,7.2,1331
2012-11-05,8.5,1353
2012-11-06,7.1,1339
2012-11-07,8.4,1339
2012-11-08,8.8,1321
2012-11-09,9.4,1321
2012-11-12,7.3,1321
2012-11-13,5.3,1321
2012-11-14,2.4,1279
2012-11-15,4.2,1317
2012-11-16,4.9,1303
2012-11-19,3.4,1346
2012-11-20,1.9,1346
2012-11-21,4.1,1346
2012-11-22,6.7,1421
2012-11-23,3.3,1421
2012-11-26,2.3,1450
2012-11-27,2.1,1436
2012-11-28,5,1464
2012-11-29,0.8,1407
2012-11-30,1.7,1407
2012-12-03,1.7,1379
2012-12-04,-3.3,1379
2012-12-05,-3.8,1379
2012-12-06,-6.3,1411
2012-12-07,-4.5,1426
2012-12-10,-8.3,1469
2012-12-11,-6.5,1469
2012-12-12,-5,1511
2012-12-13,-1.5,1453
2012-12-14,2.7,1453
2012-12-17,-0.4,1421
2012-12-18,-6.8,1421
2012-12-20,-3.4,1379
2012-12-21,-0.7,1421
2012-12-24,-8.8,1336
2012-12-26,-10.8,1336
2012-12-27,-5.7,1524
2012-12-28,-0.9,1503
2012-12-31,-8.7,1524
2013-01-02,-11.7,1490
2013-01-03,-13.2,1511
2013-01-04,-10.7,1440
2013-01-07,-5.1,1440
2013-01-08,-4.6,1440
2013-01-09,-9,1440
2013-01-10,-8.3,1346
2013-01-11,-3.2,1317
2013-01-14,-2.1,1374
2013-01-15,-2.1,1374
2013-01-16,-2.6,1366
2013-01-17,-5.8,1446
2013-01-18,-4.4,1446
2013-01-21,2.2,1459
2013-01-22,3.8,1459
2013-01-23,1.8,1459
2013-01-24,-0.9,1363
2013-01-25,-9.1,1337
2013-01-28,-3.5,1294
2013-01-29,2.2,1294
2013-01-30,5.4,1234
2013-01-31,7.4,1313
2013-02-01,7.3,1313
2013-02-04,-0.8,1381
2013-02-05,-0.6,1367
2013-02-06,-1.5,1367
2013-02-07,-11.1,1329
2013-02-08,-11.5,1339
2013-02-12,-3.8,1367
2013-02-13,-1.3,1319
2013-02-14,1.1,1319
2013-02-15,-1.2,1317
2013-02-18,0.5,1331
2013-02-19,-2.9,1317
2013-02-20,-4.8,1261
2013-02-21,-1.7,1317
2013-02-22,0.5,1346
2013-02-25,3.3,1346
2013-02-26,4.8,1346
2013-02-27,3.4,1217
2013-02-28,6.7,1129
2013-03-04,3.1,1139
2013-03-05,3.7,1139
2013-03-06,7.9,1210
2013-03-07,8,1287
2013-03-08,8.5,1317
2013-03-11,4.2,1360
2013-03-12,7.5,1360
2013-03-13,5.2,1317
2013-03-14,4.1,1317
2013-03-15,4.6,1317
2013-03-18,8.3,1234
2013-03-19,8,1191
2013-03-20,2.8,1234
2013-03-21,1.5,1180
2013-03-22,3.4,1180
2013-03-25,2.8,1166
2013-03-26,4.4,1166
2013-03-27,7.5,1123
2013-03-28,7.3,1290
2013-03-29,5.4,1290
2013-04-01,9.2,1359
2013-04-02,7.2,1307
2013-04-03,7.9,1307
2013-04-04,12.6,1403
2013-04-05,14.6,1410
2013-04-08,8,1437
2013-04-09,6.2,1437
2013-04-10,5,1446
2013-04-11,5.5,1346
2013-04-12,6.9,1403
2013-04-15,7.5,1417
2013-04-16,13.2,1417
2013-04-17,14.8,1336
2013-04-18,12.3,1337
2013-04-19,9.8,1337
2013-04-22,11.4,1280
2013-04-23,11.2,1323
2013-04-24,12.3,1280
2013-04-25,9.3,1481
2013-04-26,11.7,1481
2013-04-29,13.5,1440
2013-04-30,13.4,1469
2013-05-02,12.4,1466
2013-05-03,12.6,1466
2013-05-06,14.6,1466
2013-05-07,18.7,1466
2013-05-08,19.4,1437
2013-05-09,18.1,1504
2013-05-10,14,1504
2013-05-13,21.6,1504
2013-05-14,20.2,1561
2013-05-15,19.4,1426
2013-05-16,22,1410
2013-05-20,14.4,1480
2013-05-21,17.7,1494
2013-05-22,19.7,1396
2013-05-23,22.1,1574
2013-05-24,21.3,1574
2013-05-27,19.7,1589
2013-05-28,18.9,1589
2013-05-29,16.1,1546
2013-05-30,19.2,1531
2013-05-31,21.3,1560
2013-06-03,21.3,1603
2013-06-04,22.8,1603
2013-06-05,24.8,1471
2013-06-07,25.7,1517
2013-06-10,27.5,1596
2013-06-11,23.7,1626
2013-06-12,20.5,1626
2013-06-13,23,1687
2013-06-14,24.6,1726
2013-06-17,22.3,1726
2013-06-18,21.7,1771
2013-06-19,24.3,1771
2013-06-20,25.8,1883
2013-06-21,26.6,1869
2013-06-24,23.5,1874
2013-06-25,25.1,1874
2013-06-26,24.5,1874
2013-06-27,25.1,1874
2013-06-28,25.5,1874
2013-07-01,27.1,1901
2013-07-02,24.3,1883
2013-07-03,25.2,1916
2013-07-04,24.9,1876
2013-07-05,25.6,1876
2013-07-08,24.3,1833
2013-07-09,24.5,1876
2013-07-10,25.3,1833
2013-07-11,24.6,1966
2013-07-12,23.6,1907
2013-07-15,26.5,1946
2013-07-16,26.9,1946
2013-07-17,24.2,1946
2013-07-18,25.1,1829
2013-07-19,26.8,1809
2013-07-22,26.4,1809
2013-07-23,25.7,1809
2013-07-24,24.7,1751
2013-07-25,26,1831
2013-07-26,26.5,1831
2013-07-29,26.5,1831
2013-07-30,26.3,1824
2013-07-31,26.4,1816
2013-08-01,28,1717
2013-08-02,27.4,1727
2013-08-05,27.7,1727
2013-08-06,26.4,1713
2013-08-07,28.7,1751
2013-08-08,29.3,1751
2013-08-09,29.2,1751
2013-08-12,29.3,1751
2013-08-13,29,1784
2013-08-14,28.6,1727
2013-08-16,28.7,1844
2013-08-19,28.2,1793
2013-08-20,27.4,1799
2013-08-21,28.8,1813
2013-08-22,29.3,1876
2013-08-23,25.7,1876
2013-08-26,27,1833
2013-08-27,25.6,1787
2013-08-28,26.4,1816
2013-08-29,25.5,1699
2013-08-30,25.1,1713
2013-09-02,22.4,1753
2013-09-03,21.7,1753
2013-09-04,22,1753
2013-09-05,21.2,1806
2013-09-06,20.8,1806
2013-09-09,23,1806
2013-09-10,22,1806
2013-09-11,20.1,1741
2013-09-12,23,1751
2013-09-13,22.9,1814
2013-09-16,20.9,1751
2013-09-17,22.6,1837
2013-09-23,23.8,1791
2013-09-24,22,1791
2013-09-25,19.5,1791
2013-09-26,17.3,1709
2013-09-27,17.9,1656
2013-09-30,20.7,1640
2013-10-01,21.6,1640
2013-10-02,19.4,1554
2013-10-04,17.4,1517
2013-10-07,22.8,1589
2013-10-08,20,1503
2013-10-10,21.1,1561
2013-10-11,18.1,1553
2013-10-14,18.3,1574
2013-10-15,12,1599
2013-10-16,11.2,1584
2013-10-17,12.4,1407
2013-10-18,13.6,1407
2013-10-21,16.2,1433
2013-10-22,15.9,1433
2013-10-23,16.2,1376
2013-10-24,13.1,1434
2013-10-25,9.3,1453
2013-10-28,11.6,1506
2013-10-29,12.7,1506
2013-10-30,10.5,1563
2013-10-31,11.7,1467
2013-11-01,14.8,1460
2013-11-04,12.6,1423
2013-11-05,12.3,1394
2013-11-06,12.2,1294
2013-11-07,12.2,1400
2013-11-08,9,1370
2013-11-11,2.6,1390
2013-11-12,3.4,1390
2013-11-13,4.8,1390
2013-11-14,6.7,1391
2013-11-15,8.2,1417
2013-11-18,1.1,1431
2013-11-19,1.1,1431
2013-11-20,1.5,1474
2013-11-21,2.6,1509
2013-11-22,4.6,1556
2013-11-25,4.7,1599
2013-11-26,2.1,1613
2013-11-27,0,1551
2013-11-28,-3.8,1666
2013-11-29,-0.7,1666
2013-12-02,3.9,1666
2013-12-03,6.7,1666
2013-12-04,5.5,1684
2013-12-05,5.5,1499
2013-12-06,3,1499
2013-12-09,3.8,1574
2013-12-10,0.3,1574
2013-12-11,-1.7,1560
2013-12-12,-3.2,1680
2013-12-13,-6.8,1646
2013-12-16,-3.6,1699
2013-12-17,-0.3,1741
2013-12-18,2.2,1741
2013-12-19,-3.5,1673
2013-12-20,-4,1674
2013-12-23,-1.1,1656
2013-12-24,-1.6,1723
2013-12-26,-0.5,1643
2013-12-27,-6.8,1643
2013-12-30,2.2,1547
2013-12-31,3.8,1547
2014-01-02,1.5,1480
2014-01-03,2.3,1480
2014-01-06,0.8,1461
2014-01-07,3,1461
2014-01-08,0.5,1403
2014-01-09,-7.8,1516
2014-01-10,-4.7,1516
2014-01-13,-6.2,1487
2014-01-14,-4.3,1496
2014-01-15,-2.9,1424
2014-01-16,0.1,1530
2014-01-17,-0.1,1491
2014-01-20,-1.5,1504
2014-01-21,-5.5,1504
2014-01-22,-3.9,1529
2014-01-23,-0.8,1529
2014-01-24,3,1533
2014-01-27,0.2,1576
2014-01-28,1.5,1576
2014-01-29,2.2,1576
2014-02-03,-3.5,1556
2014-02-04,-7.4,1556
2014-02-05,-4.8,1561
2014-02-06,-1.3,1509
2014-02-07,2.4,1477
2014-02-10,-0.1,1551
2014-02-11,0.2,1551
2014-02-12,1.2,1416
2014-02-13,1.9,1516
2014-02-14,2.7,1543
2014-02-17,4.2,1529
2014-02-18,2.5,1557
2014-02-19,2.1,1550
2014-02-20,1.2,1557
2014-02-21,0.9,1557
2014-02-24,4.1,1543
2014-02-25,5.7,1571
2014-02-26,8.4,1410
2014-02-27,7.7,1370
2014-02-28,6.7,1397
2014-03-03,5.2,1421
2014-03-04,6.3,1464
2014-03-05,1.4,1550
2014-03-06,0.3,1806
2014-03-07,-0.6,1860
2014-03-10,1.5,1847
2014-03-11,4.5,1847
2014-03-12,6.9,1861
2014-03-13,5.2,1916
2014-03-14,3.4,1916
2014-03-17,12.6,1944
2014-03-18,10.5,1944
2014-03-19,9.6,1916
2014-03-20,6.3,1826
2014-03-21,5.9,1836
2014-03-24,10.9,1867
2014-03-25,14.6,1867
2014-03-26,15.4,1810
2014-03-27,13.5,1911
2014-03-28,16.6,1949
2014-03-31,14.5,1911
2014-04-01,15.6,1911
2014-04-02,15.5,1854
2014-04-03,10.2,1844
2014-04-04,6.6,1887
2014-04-07,10.3,1893
2014-04-08,11.9,1893
2014-04-09,10.3,1807
2014-04-10,12.5,1931
2014-04-11,13.6,1936
2014-04-14,16.3,1936
2014-04-15,12.9,1936
2014-04-16,14,1907
2014-04-17,14.7,1840
2014-04-18,15.9,1883
2014-04-21,15.1,1883
2014-04-22,16,1897
2014-04-23,17.2,1907
2014-04-24,18.6,1904
2014-04-25,19,1904
2014-04-28,13.6,1927
2014-04-29,15,1927
2014-04-30,16.1,1914
2014-05-02,15.7,1914
2014-05-07,15.7,1857
2014-05-08,14.5,1933
2014-05-09,16.8,1959
2014-05-12,16.4,1973
2014-05-13,19.2,1973
2014-05-14,19.6,1973
2014-05-15,18.2,1957
2014-05-16,19,1957
2014-05-19,20,1957
2014-05-20,21.5,1957
2014-05-21,20.1,1957
2014-05-22,20.9,2033
2014-05-23,22,2033
2014-05-26,19.4,2004
2014-05-27,22.8,2033
2014-05-28,24,2033
2014-05-29,23.2,1953
2014-05-30,24.8,1967
2014-06-02,22.6,2061
2014-06-03,18.7,2069
2014-06-05,22.9,2109
2014-06-09,22.9,2070
2014-06-10,23.6,2103
2014-06-11,20.5,2103
2014-06-12,21.2,2184
2014-06-13,21.3,2184
2014-06-16,23.9,2201
2014-06-17,24.5,2219
2014-06-18,24.4,2219
2014-06-19,22.5,2133
2014-06-20,24.2,2180
2014-06-23,21,2189
2014-06-24,22.9,2217
2014-06-25,23.8,2234
2014-06-26,24.4,2239
2014-06-27,24.1,2209
2014-06-30,25.3,2209
2014-07-01,26,2198
2014-07-02,25.7,2198
2014-07-03,22.6,2158
2014-07-04,26.8,2153
2014-07-07,27.1,2128
2014-07-08,25.9,2165
2014-07-09,27.6,2178
2014-07-10,28.9,2220
2014-07-11,27.1,2220
2014-07-14,26.4,2195
2014-07-15,26.8,2195
2014-07-16,26.6,2195
2014-07-17,25.9,2105
2014-07-18,26.1,2133
2014-07-21,27.3,2158
2014-07-22,25.9,2158
2014-07-23,23.6,2144
2014-07-24,21.9,2188
2014-07-25,27.5,2188
2014-07-28,26.6,2180
2014-07-29,26.5,2180
2014-07-30,28.6,2180
2014-07-31,28.6,2043
2014-08-04,26.4,2014
2014-08-05,26.6,1976
2014-08-06,24.4,1976
2014-08-07,24.7,1985
2014-08-08,26.1,1985
2014-08-11,23.7,2006
2014-08-12,25.8,2006
2014-08-13,24.2,2006
2014-08-14,22.3,1869
2014-08-18,22.3,1923
2014-08-19,22.3,1929
2014-08-20,24.8,1929
2014-08-21,23.1,2061
2014-08-22,24.7,2061
2014-08-25,25.9,2124
2014-08-26,25.4,2131
2014-08-27,24.6,2134
2014-08-28,25.1,2070
2014-08-29,25.2,2070
2014-09-01,24.1,2095
2014-09-02,23.1,2095
2014-09-03,19.1,2176
2014-09-04,22.4,2155
2014-09-05,23.8,2150
2014-09-11,23.3,2196
2014-09-12,21.3,2196
2014-09-15,23.1,2189
2014-09-17,20.2,2161
2014-09-18,20.6,2041
2014-09-19,21.4,2041
2014-09-22,21.4,1938
2014-09-23,23,1938
2014-09-24,20.3,1938
2014-09-25,22.2,2018
2014-09-26,21,1974
2014-09-29,19.4,2013
2014-09-30,18.9,1980
2014-10-01,19.2,1968
2014-10-02,18.1,1694
2014-10-06,16.6,1730
2014-10-07,16.1,1730
2014-10-08,16.7,1616
2014-10-10,19,1686
2014-10-13,17.4,1711
2014-10-14,13.8,1711
2014-10-15,13.8,1711
2014-10-16,13.2,1700
2014-10-17,13.6,1756
2014-10-20,14.4,1768
2014-10-21,13.8,1843
2014-10-22,13.6,1838
2014-10-23,13.8,1645
2014-10-24,15.1,1645
2014-10-27,10.7,1751
2014-10-28,10.2,1774
2014-10-29,12.1,1774
2014-10-30,14.2,1711
2014-10-31,15,1711
2014-11-03,9.3,1761
2014-11-04,11.3,1774
2014-11-05,12.4,1774
2014-11-06,13.5,1956
2014-11-07,9.8,1964
2014-11-10,9.4,1916
2014-11-11,9.4,1904
2014-11-12,6,1929
2014-11-13,-0.2,1714
2014-11-14,4.2,1714
2014-11-17,6.2,1693
2014-11-18,5,1710
2014-11-19,5.6,1710
2014-11-20,7.9,1913
2014-11-21,11.3,1913
2014-11-24,9.8,1933
2014-11-25,10.2,1933
2014-11-26,11,1938
2014-11-27,10.4,2045
2014-11-28,8.8,2076
2014-12-02,-5.4,2076
2014-12-03,-3.3,2076
2014-12-04,-4.6,2049
2014-12-05,-6.6,2063
2014-12-08,-1.6,2116
2014-12-09,-2.4,1975
2014-12-10,1.6,1954
2014-12-11,-1.5,1905
2014-12-12,-3.8,1890
2014-12-15,-0.1,1874
2014-12-16,-4.9,1874
2014-12-17,-9,1874
2014-12-18,-8.3,1816
2014-12-19,-3.8,1861
2014-12-22,-4.7,1849
2014-12-23,-1.3,1841
2014-12-24,1.7,1825
2014-12-26,-3.2,1823
2014-12-29,2.9,1823
2014-12-30,1.9,1823
2014-12-31,-1.9,1810
2015-01-02,-6,1725
2015-01-05,3.7,1643
2015-01-06,-3.2,1636
2015-01-07,-5.5,1636
2015-01-08,-5.1,1781
2015-01-09,-2.1,1781
2015-01-12,-2.7,1764
2015-01-13,0.2,1764
2015-01-14,2.5,1764
2015-01-15,2.8,1764
2015-01-16,0.8,1765
2015-01-19,-0.1,1829
2015-01-20,-0.9,1829
2015-01-21,2.6,1829
2015-01-22,3.1,1790
2015-01-23,1.2,1819
2015-01-26,3.6,1838
2015-01-27,-3.6,1838
2015-01-28,-4.1,1835
2015-01-29,-1.1,1754
2015-01-30,-3.3,1754
2015-02-02,-0.6,1729
2015-02-03,0.6,1685
2015-02-04,0.4,1685
2015-02-05,-0.1,1704
2015-02-06,0.4,1814
2015-02-09,-5.7,1690
2015-02-10,1.7,1698
2015-02-11,2.7,1686
2015-02-12,-2.2,1710
2015-02-13,-1.6,1710
2015-02-16,5,1755
2015-02-17,1.9,1755
2015-02-23,0.9,1805
2015-02-24,2.1,1874
2015-02-25,5.4,1763
2015-02-26,1.2,1676
2015-02-27,-1.3,1676
2015-03-02,3.9,1618
2015-03-03,2.8,1580
2015-03-04,-2.1,1791
2015-03-05,-0.3,1771
2015-03-06,2.9,1793
2015-03-09,2.2,1794
2015-03-10,-3.4,1794
2015-03-11,0.4,1794
2015-03-12,2.1,1800
2015-03-13,5.6,1804
2015-03-16,9.8,1804
2015-03-17,10.7,1836
2015-03-18,10.7,1836
2015-03-19,12.4,1785
2015-03-20,13.4,1785
2015-03-23,4.6,1755
2015-03-24,5.4,1755
2015-03-25,6.5,1755
2015-03-26,7.9,1705
2015-03-27,9.1,1743
2015-03-30,13.2,1728
2015-03-31,12.9,1740
2015-04-01,12.9,1740
2015-04-02,14.8,1718
2015-04-03,10.6,1718
2015-04-06,10.3,1684
2015-04-07,8.4,1689
2015-04-08,8.3,1689
2015-04-09,9.6,1764
2015-04-10,11.6,1764
2015-04-13,12,1800
2015-04-14,6.9,1806
2015-04-15,11.1,1806
2015-04-16,9.9,1774
2015-04-17,10.5,1790
2015-04-20,12.2,1790
2015-04-21,14,1790
2015-04-22,14.2,1790
2015-04-23,14.5,1854
2015-04-24,15.7,1894
2015-04-27,18.5,1936
2015-04-28,20.3,1936
2015-04-29,17,1936
2015-04-30,21.2,1725
2015-05-04,16.1,1669
2015-05-06,15.4,1800
2015-05-07,16.5,2023
2015-05-08,16.7,2094
2015-05-11,18.4,2111
2015-05-12,13.3,2111
2015-05-13,17.4,2111
2015-05-14,20.4,2111
2015-05-15,19.1,2111
2015-05-18,17.7,2144
2015-05-19,14.8,2149
2015-05-20,16.3,2163
2015-05-21,18.7,2106
2015-05-22,20,2110
2015-05-26,21.5,2205
2015-05-27,23.2,2205
2015-05-28,24.3,2370
2015-05-29,23.8,2268
2015-06-01,21.7,2395
2015-06-02,23.1,2395
2015-06-03,23.3,2395
2015-06-04,24.2,2181
2015-06-05,19.1,2181
2015-06-08,22.4,2136
2015-06-09,22.2,2136
2015-06-10,25.3,2129
2015-06-11,24.6,2334
2015-06-12,23.6,2334
2015-06-15,24.2,2334
2015-06-16,25,2334
2015-06-17,23.4,2334
2015-06-18,24.8,2250
2015-06-19,24.5,2250
2015-06-22,24,2256
2015-06-23,24.7,2256
2015-06-24,25.7,2256
2015-06-25,24.8,2086
2015-06-26,21,2086
2015-06-29,25.7,2080
2015-06-30,24.4,1993
2015-07-01,23.7,1993
2015-07-02,23.7,2209
2015-07-03,23.3,2169
2015-07-06,25.3,2169
2015-07-07,25.6,2169
2015-07-08,23.4,2169
2015-07-09,26.5,2201
2015-07-10,29.2,2230
2015-07-13,23.1,2230
2015-07-14,26.1,2295
2015-07-15,27.9,2295
2015-07-16,24.7,2216
2015-07-17,23.6,2280
2015-07-20,27.5,2293
2015-07-21,27,2291
2015-07-22,27.7,2304
2015-07-23,26.9,2304
2015-07-24,24.7,2311
2015-07-27,26.2,2238
2015-07-28,27.7,2169
2015-07-29,26.7,2169
2015-07-30,28.6,2094
2015-07-31,27.9,2094
2015-08-03,27.9,2094
2015-08-04,27.5,2094
2015-08-05,28.6,2094
2015-08-06,29.3,2200
2015-08-07,28.9,2189
2015-08-10,27,2209
2015-08-11,26.8,2209
2015-08-12,27.3,2171
2015-08-13,26.5,2131
2015-08-17,26.6,2159
2015-08-18,27.9,2148
2015-08-19,26.8,2148
2015-08-20,25.4,2188
2015-08-21,25.2,2198
2015-08-24,26.3,2223
2015-08-25,21.7,2223
2015-08-26,21.9,2304
2015-08-27,24.7,2186
2015-08-28,23.2,2148
2015-08-31,25.9,2186
2015-09-01,25.9,2186
2015-09-02,23.9,2186
2015-09-03,23.9,2209
2015-09-04,24.8,2104
2015-09-07,22.6,2159
2015-09-08,22.7,2211
2015-09-09,22.4,2186
2015-09-10,22.4,2036
2015-09-11,21,2036
2015-09-14,22.1,2118
2015-09-15,22.8,2171
2015-09-16,21.6,2195
2015-09-17,21.4,2154
2015-09-18,21.9,2168
2015-09-21,22.6,2018
2015-09-22,23.9,2018
2015-09-23,22,1924
2015-09-24,23.4,1924
2015-09-25,23.4,1924
2015-09-30,21.3,2011
2015-10-01,16.3,1981
2015-10-02,16.5,1981
2015-10-05,18,2013
2015-10-06,18.7,1986
2015-10-07,19.6,1970
2015-10-08,20.1,1733
2015-10-12,12.3,1729
2015-10-13,15,1715
2015-10-14,17.1,1690
2015-10-15,17.9,1910
2015-10-16,17.5,1838
2015-10-19,18.1,1845
2015-10-20,18.8,1849
2015-10-21,17.9,1861
2015-10-22,17.5,1846
2015-10-23,17.5,1846
2015-10-26,15,1846
2015-10-27,12.1,1839
2015-10-28,9.9,1839
2015-10-29,8.4,1550
2015-10-30,5.4,1550
2015-11-02,10.8,1655
2015-11-03,11.8,1730
2015-11-04,12.2,1730
2015-11-05,13.2,1708
2015-11-06,13.5,1708
2015-11-09,10.8,1695
2015-11-10,10,1695
2015-11-11,11.6,1695
2015-11-12,14.5,1760
2015-11-13,11.5,1760
2015-11-16,12.2,1735
2015-11-17,13.9,1735
2015-11-18,10.4,1666
2015-11-19,8.9,1763
2015-11-20,9.8,1763
2015-11-23,8.5,1781
2015-11-24,5.6,1788
2015-11-25,2.4,1811
2015-11-26,-2.7,1959
2015-11-27,-2.8,1959
2015-11-30,4.1,1959
2015-12-01,4,1959
2015-12-02,6,1959
2015-12-03,-0.7,1748
2015-12-07,1.9,1810
2015-12-08,2.9,1810
2015-12-09,5,1810
2015-12-10,7.8,1966
2015-12-11,6.4,1898
2015-12-14,5,1966
2015-12-15,4.7,1966
2015-12-16,-1,1966
2015-12-17,-4.6,1933
2015-12-18,-3.3,1933
2015-12-21,2.2,1940
2015-12-22,3.1,1940
2015-12-23,5.9,1940
2015-12-24,1.5,1895
2015-12-28,-5.7,1864
2015-12-29,-3.2,1856
2015-12-30,0.3,1779
2015-12-31,0.7,1679
2016-01-04,2,1603
2016-01-05,-2.7,1603
2016-01-06,-1.7,1603
2016-01-07,-3.4,1773
2016-01-08,-3.3,1773
2016-01-11,-3.8,1753
2016-01-12,-5.2,1753
2016-01-13,-4.5,1753
2016-01-14,-3.4,1720
2016-01-15,-0.4,1720
2016-01-18,-6.3,1708
2016-01-19,-12.8,1708
2016-01-20,-10.5,1708
2016-01-21,-7.1,1706
2016-01-22,-7.6,1696
2016-01-25,-9.4,1706
2016-01-26,-3.3,1706
2016-01-27,-1.1,1706
2016-01-28,-0.5,1744
2016-01-29,1.9,1744
2016-02-01,-6,1744
2016-02-02,-5.3,1804
2016-02-03,-2.4,1804
2016-02-04,-0.7,1706
2016-02-05,-2.2,1706
2016-02-11,8.1,1843
2016-02-12,8.4,1855
2016-02-15,-5.8,1834
2016-02-16,-2.7,1821
2016-02-17,0,1821
2016-02-18,3.5,1790
2016-02-19,2.3,1785
2016-02-22,1.1,1785
2016-02-23,0.7,1785
2016-02-24,-3,1785
2016-02-25,-0.2,1621
2016-02-26,2.2,1621
2016-03-02,3.1,1525
2016-03-03,8.1,1410
2016-03-04,13.2,1579
2016-03-07,8.1,1649
2016-03-08,2.7,1649
2016-03-09,0.3,1620
2016-03-10,-1.1,1811
2016-03-11,-0.5,1824
2016-03-14,4.7,1824
2016-03-15,5.2,1824
2016-03-16,7.5,1824
2016-03-17,9.3,1711
2016-03-18,13.4,1676
2016-03-21,9.9,1744
2016-03-22,8,1744
2016-03-23,8.2,1744
2016-03-24,7.2,1753
2016-03-25,7.1,1753
2016-03-28,9.8,1865
2016-03-29,11.3,1865
2016-03-30,11.5,1840
2016-03-31,13.5,1808
2016-04-01,15.3,1813
2016-04-04,12.3,1813
2016-04-05,11.4,1813
2016-04-06,14.4,1813
2016-04-07,14.1,1839
2016-04-08,11.1,1839
2016-04-11,12.5,1826
2016-04-12,14.1,1826
2016-04-14,12.4,1769
2016-04-15,15,1721
2016-04-18,11.2,1725
2016-04-19,12,1729
2016-04-20,14.3,1729
2016-04-21,13.5,1893
2016-04-22,13.5,1846
2016-04-25,17.2,1846
2016-04-26,21.1,1846
2016-04-27,17.2,1906
2016-04-28,17.2,1750
2016-04-29,16.2,1750
2016-05-02,21.1,1750
2016-05-03,12.9,1750
2016-05-04,15.7,1554
2016-05-09,20.2,1858
2016-05-10,14.5,1858
2016-05-11,16.4,1869
2016-05-12,17.8,1955
2016-05-13,18.6,1958
2016-05-16,15.9,1961
2016-05-17,19.3,1949
2016-05-18,22.3,1949
2016-05-19,24.3,1949
2016-05-20,24,1949
2016-05-23,23.3,1961
2016-05-24,16.8,1961
2016-05-25,19.7,1961
2016-05-26,19.4,1978
2016-05-27,20.9,1981
2016-05-30,22.1,2009
2016-05-31,21.6,2021
2016-06-01,23.3,2038
2016-06-02,23.2,1991
2016-06-03,22.2,1991
2016-06-07,21.7,2039
2016-06-08,22.1,2054
2016-06-09,24.1,2285
2016-06-10,24.6,2311
2016-06-13,23.5,2324
2016-06-14,23.8,2324
2016-06-15,20.9,2314
2016-06-16,20.9,2244
2016-06-17,23.8,2231
2016-06-20,24.7,2209
2016-06-21,26,2209
2016-06-22,24.3,2196
2016-06-23,24.7,2294
2016-06-24,23.1,2294
2016-06-27,24.4,2294
2016-06-28,24.7,2294
2016-06-29,25.3,2319
2016-06-30,24.6,2254
2016-07-01,24,2254
2016-07-04,21.8,2319
2016-07-05,23.1,2294
2016-07-06,22.9,2294
2016-07-07,24,2286
2016-07-08,27.3,2284
2016-07-11,28.4,2284
2016-07-12,26.3,2284
2016-07-13,26.3,2275
2016-07-14,27.5,2151
2016-07-15,26.2,2138
2016-07-18,24.4,2100
2016-07-19,27.1,2093
2016-07-20,28.6,2098
2016-07-21,28.3,2120
2016-07-22,29.1,2070
2016-07-25,28.4,2070
2016-07-26,28.4,2064
2016-07-27,27.6,2064
2016-07-28,28,1966
2016-07-29,26.3,1929
2016-08-01,28.4,1904
2016-08-02,27.2,1904
2016-08-03,29.1,1904
2016-08-04,30.7,1985
2016-08-05,31.2,2030
2016-08-08,30.5,2068
2016-08-09,29.3,2068
2016-08-10,29.4,2030
2016-08-11,30.5,2039
2016-08-12,30.4,2039
2016-08-16,29.3,2160
2016-08-17,29.9,2135
2016-08-18,29.9,1968
2016-08-19,28.9,1968
2016-08-22,30.7,1968
2016-08-23,28.3,1968
2016-08-24,29.1,2018
2016-08-25,27.1,2011
2016-08-26,23,2011
2016-08-29,22.2,2030
2016-08-30,20.6,2030
2016-08-31,17.7,2030
2016-09-01,23.2,2028
2016-09-02,24.2,2028
2016-09-05,26.4,2003
2016-09-06,24.7,2028
2016-09-07,24.3,2003
2016-09-08,23,1953
2016-09-09,23.9,1913
2016-09-12,23.4,1913
2016-09-13,24.6,1913
2016-09-19,21.9,1965
2016-09-20,20.6,1990
2016-09-21,20.2,2006
2016-09-22,21.9,2058
2016-09-23,21.4,2058
2016-09-26,23.6,2125
2016-09-27,21,2136
2016-09-28,19.9,2136
2016-09-29,20.4,2018
2016-09-30,20.5,1993
2016-10-04,22,1989
2016-10-05,21.1,1989
2016-10-06,18,1976
2016-10-07,19.7,1969
2016-10-10,14,1973
2016-10-11,15.4,1965
2016-10-12,15.5,1965
2016-10-13,15.2,1984
2016-10-14,16.7,1984
2016-10-17,17.5,1920
2016-10-18,17,1920
2016-10-19,18,1920
2016-10-20,18.6,1906
2016-10-21,17.9,1930
2016-10-24,15.1,1934
2016-10-25,14.1,1934
2016-10-26,13.3,1934
2016-10-27,14.6,1899
2016-10-28,14.6,1899
2016-10-31,5.7,1886
2016-11-01,1.5,1886
2016-11-02,4.1,1886
2016-11-03,9.1,1823
2016-11-04,12.3,1823
2016-11-07,12.8,1921
2016-11-08,4.1,1921
2016-11-09,2.1,1896
2016-11-10,6,1911
2016-11-11,9.1,1911
2016-11-14,13.2,1949
2016-11-15,5.2,1949
2016-11-16,5.2,1949
2016-11-17,9.1,1904
2016-11-18,10.3,1904
2016-11-21,9.5,1914
2016-11-22,2,1914
2016-11-23,-1.8,1914
2016-11-24,-2.5,1831
2016-11-25,1,1831
2016-11-28,1.4,1831
2016-11-29,1.7,1831
2016-11-30,6,1831
2016-12-01,4.1,1821
2016-12-05,5.9,1821
2016-12-06,-1.1,1814
2016-12-07,1.7,1814
2016-12-08,2.1,1883
2016-12-09,1.4,1883
2016-12-12,2.3,1899
2016-12-13,3.4,1875
2016-12-14,-1.4,1875
2016-12-15,-5,1888
2016-12-16,-4.7,1888
2016-12-19,7.2,1888
2016-12-20,7.6,1888
2016-12-21,7.9,1888
2016-12-22,5.5,1885
2016-12-23,-2.5,1885
2016-12-26,2.5,1885
2016-12-27,-2.3,1909
2016-12-28,-3.7,1909
2016-12-29,-4.2,1813
2016-12-30,-3.9,1813
2017-01-02,5,1826
2017-01-03,2,1826
2017-01-04,3.9,1826
2017-01-05,3.8,1871
2017-01-06,5.4,1871
2017-01-09,1.5,1884
2017-01-10,-3.7,1884
2017-01-11,-3.8,1884
2017-01-12,-2.2,1909
2017-01-13,-6,1894
2017-01-16,-3.8,1856
2017-01-17,-2,1856
2017-01-18,-0.5,1856
2017-01-19,-1.2,1865
2017-01-20,-4.4,1828
2017-01-23,-8.9,1846
2017-01-24,-7,1784
2017-01-25,-5.2,1784
2017-01-26,-1.3,1788
2017-01-31,-5.4,1868
2017-02-01,-4,1868
2017-02-02,-2.7,1868
2017-02-03,1.5,1855
2017-02-06,-1.7,1874
2017-02-07,-2,1874
2017-02-08,-2.2,1861
2017-02-09,-5.3,1745
2017-02-10,-6.6,1759
2017-02-13,0.1,1759
2017-02-14,0.3,1759
2017-02-15,1.8,1759
2017-02-16,5.5,2044
2017-02-17,0.8,2044
2017-02-20,-1.5,2038
2017-02-21,-0.6,2038
2017-02-22,1.7,2038
2017-02-23,-1.5,2031
2017-02-24,-0.8,2034
2017-02-27,3.7,1968
2017-02-28,5.6,1804
2017-03-02,1.8,1708
2017-03-03,3.3,1708
2017-03-06,0.1,1725
2017-03-07,-1.3,1751
2017-03-08,-0.1,1751
2017-03-09,3.2,1935
2017-03-10,4.8,1935
2017-03-13,6.9,1935
2017-03-14,5.8,1935
2017-03-15,6.3,1935
2017-03-16,6.2,1931
2017-03-17,7.7,1931
2017-03-20,10.2,1956
2017-03-21,7.4,1956
2017-03-22,7.6,1956
2017-03-23,9.1,1959
2017-03-24,8.7,1959
2017-03-27,6.1,1955
2017-03-28,7.1,1955
2017-03-29,8.8,1955
2017-03-30,10.6,1783
2017-03-31,8.6,1765
2017-04-03,11.4,1791
2017-04-04,14.1,1791
2017-04-05,12,1785
2017-04-06,10.4,1929
2017-04-07,14.5,1929
2017-04-10,16.5,1940
2017-04-11,15.3,1940
2017-04-12,11.5,1940
2017-04-13,12.7,1866
2017-04-14,13,1866
2017-04-17,14.7,1959
2017-04-18,11.7,2044
2017-04-19,12.6,2044
2017-04-20,12.9,1891
2017-04-21,13.1,1896
2017-04-24,15.1,1910
2017-04-25,16,1910
2017-04-26,15.1,1910
2017-04-27,13.6,1981
2017-04-28,14.4,2018
2017-05-02,20.7,2054
2017-05-04,21,2106
2017-05-08,17.9,2149
2017-05-10,16.4,2145
2017-05-11,19.3,2219
2017-05-12,19.1,2219
2017-05-15,16,2221
2017-05-16,17.1,2221
2017-05-17,18.6,2216
2017-05-18,20.4,2194
2017-05-19,21.1,2183
2017-05-22,21.8,2230
2017-05-23,20,2230
2017-05-24,21.8,2230
2017-05-25,19.2,2241
2017-05-26,17.7,2243
2017-05-29,22.9,2214
2017-05-30,23.6,2130
2017-05-31,23.3,2130
2017-06-01,23.3,2015
2017-06-02,20.5,2018
2017-06-05,24.2,2074
2017-06-07,17.6,2074
2017-06-08,20.1,2229
2017-06-09,21.2,2229
2017-06-12,22.1,2236
2017-06-13,21.5,2236
2017-06-14,21.8,2249
2017-06-15,23.1,2240
2017-06-16,25.5,2245
2017-06-19,24.8,2274
2017-06-20,26,2295
2017-06-21,25.4,2295
2017-06-22,25.3,2270
2017-06-23,26.7,2275
2017-06-26,23.1,2349
2017-06-27,25.2,2349
2017-06-28,26,2349
2017-06-29,26.2,2375
2017-06-30,25.9,2375
2017-07-03,24.7,2375
2017-07-04,26.7,2388
2017-07-05,27.4,2388
2017-07-06,27.6,2283
2017-07-07,26.4,2283
2017-07-10,24,2289
2017-07-11,26,2289
2017-07-12,27.1,2289
2017-07-13,27.6,2403
2017-07-14,28.7,2408
2017-07-17,26.8,2345
2017-07-18,26.5,2345
2017-07-19,28.3,2345
2017-07-20,29.9,2355
2017-07-21,29.8,2355
2017-07-24,26.2,2423
2017-07-25,29.4,2431
2017-07-26,28.7,2431
2017-07-27,27.1,2293
2017-07-28,25.5,2160
2017-07-31,25.7,2220
2017-08-01,28.6,2293
2017-08-02,30,2293
2017-08-03,30.2,2335
2017-08-04,30.3,2335
2017-08-07,29.2,2335
2017-08-08,28.2,2335
2017-08-09,27.6,2335
2017-08-10,24.8,2350
2017-08-11,27,2350
2017-08-14,24.6,2384
2017-08-16,23.3,2384
2017-08-17,24.8,2251
2017-08-18,26.3,2265
2017-08-21,25.8,2268
2017-08-22,27.3,2268
2017-08-23,27.2,2268
2017-08-24,26.5,2315
2017-08-25,25.3,2315
2017-08-28,21.5,2315
2017-08-29,19.5,2315
2017-08-30,19.8,2315
2017-08-31,22.2,2350
2017-09-01,23.3,2338
2017-09-04,24.6,2338
2017-09-05,21.9,2338
2017-09-06,20.6,2318
2017-09-07,22.4,2286
2017-09-08,24.3,2286
2017-09-11,21.2,2286
2017-09-12,22.1,2286
2017-09-13,21.4,2286
2017-09-14,22.4,2156
2017-09-15,22.6,2078
2017-09-18,21.9,2151
2017-09-19,22.6,2151
2017-09-20,19.5,2151
2017-09-21,20.3,2253
2017-09-22,20.6,2253
2017-09-25,23.4,2253
2017-09-26,25.1,2265
2017-09-27,22.7,2265
2017-09-28,19.2,2265
2017-09-29,17.4,2228
2017-10-10,21.4,2144
2017-10-11,15.5,2133
2017-10-12,11.4,2174
2017-10-13,12.8,2165
2017-10-16,16.6,2080
2017-10-17,16.2,2065
2017-10-18,16.5,2065
2017-10-19,17,1941
2017-10-20,17,1926
2017-10-23,13.7,1949
2017-10-24,14.4,1926
2017-10-25,14.4,1891
2017-10-26,14.5,1908
2017-10-27,16.9,1908
2017-10-30,7.7,1908
2017-10-31,10.4,1908
2017-11-01,14.4,1908
2017-11-02,15.5,1870
2017-11-03,12.3,1870
2017-11-06,11.4,1870
2017-11-07,14.4,1870
2017-11-08,13.1,1870
2017-11-09,9.4,1919
2017-11-10,9.8,1919
2017-11-13,8.4,1941
2017-11-14,7.5,1868
2017-11-15,3.2,1868
2017-11-16,1,1786
2017-11-17,3,1764
2017-11-20,-0.4,1764
2017-11-21,1.3,1764
2017-11-22,4.3,1764
2017-11-23,0.9,1940
2017-11-24,-0.4,1920
2017-11-27,2.5,1920
2017-11-28,6.4,1904
2017-11-29,3.2,1904
2017-11-30,-2.4,1878
2017-12-04,-1.2,1898
2017-12-05,-4.2,1898
2017-12-06,0.2,1898
2017-12-07,0.7,1976
2017-12-08,-3.8,1976
2017-12-11,-7,1976
2017-12-12,-9.4,1976
2017-12-13,-8.7,1976
2017-12-14,-6.6,1920
2017-12-15,-3,1911
2017-12-18,-1.6,1911
2017-12-19,-3.9,1911
2017-12-20,-3.9,1953
2017-12-21,-0.9,1835
2017-12-22,3.4,1835
2017-12-26,-3.8,1856
2017-12-27,-6.9,1835
2017-12-28,-2.1,1788
2017-12-29,2.1,1788
2018-01-02,-1.8,1788
2018-01-03,-4.7,1788
2018-01-04,-4.7,1819
2018-01-05,-3,1813
2018-01-08,1.3,1819
2018-01-09,-4.2,1814
2018-01-10,-7.5,1814
2018-01-11,-11.1,1701
2018-01-12,-10.2,1708
2018-01-15,4.7,1763
2018-01-16,3.5,1745
2018-01-17,4.5,1745
2018-01-18,2.1,1671
2018-01-19,1,1671
2018-01-22,0.2,1671
2018-01-23,-11.7,1666
2018-01-24,-14.2,1666
2018-01-25,-14,1623
2018-01-26,-14.8,1623
2018-01-29,-8.5,1623
2018-01-30,-5.3,1623
2018-01-31,-2.6,1623
2018-02-01,-4,1685
2018-02-02,-2.4,1735
2018-02-05,-9.4,1735
2018-02-06,-10.1,1735
2018-02-07,-8,1735
2018-02-08,-4.4,1720
2018-02-09,0.4,1743
2018-02-12,-5.8,1718
2018-02-13,-0.8,1711
2018-02-14,3.5,1711
2018-02-19,1.8,1786
2018-02-20,0.9,1786
2018-02-21,-0.9,1786
2018-02-22,1.3,1774
2018-02-23,4.2,1761
2018-02-26,3.1,1799
2018-02-27,4.2,1799
2018-02-28,4.6,1851
2018-03-02,-0.7,1739
2018-03-05,5.5,1776
2018-03-06,4.5,1776
2018-03-07,6.4,1814
2018-03-08,4.6,1788
2018-03-09,4.5,1813
2018-03-12,8,1833
2018-03-13,12.4,1833
2018-03-14,17,1813
2018-03-15,12.4,1791
2018-03-16,7.1,1791
2018-03-19,8,1774
2018-03-20,4.7,1774
2018-03-21,2.1,1774
2018-03-22,4.9,1779
2018-03-23,6.1,1779
2018-03-26,11,1791
2018-03-27,13.3,1765
2018-03-28,14,1765
2018-03-29,15.4,1761
2018-03-30,14.8,1770
2018-04-02,18.4,1779
2018-04-03,17.8,1779
2018-04-04,13.4,1779
2018-04-05,7.6,1816
2018-04-06,5.8,1791
2018-04-09,7.9,1816
2018-04-10,15.1,1816
2018-04-11,12.6,1816
2018-04-12,13.3,1843
2018-04-13,14.6,1843
2018-04-16,11.6,1843
2018-04-17,12.9,1843
2018-04-18,12.4,1843
2018-04-19,14,1765
2018-04-20,18.4,1765
2018-04-23,9.3,1740
2018-04-24,12.1,1740
2018-04-25,14.6,1740
2018-04-26,14.9,1668
2018-04-27,15.7,1698
2018-04-30,19.2,1698
2018-05-02,15.1,1698
2018-05-03,11.2,1746
2018-05-04,14.1,1746
2018-05-08,17.5,1723
2018-05-09,15.7,1770
2018-05-10,15.4,1745
2018-05-11,16.1,1745
2018-05-14,18.2,1818
2018-05-15,23.2,1818
2018-05-16,22.3,1818
2018-05-17,20.9,1805
2018-05-18,16.3,1805
2018-05-21,17.8,1830
2018-05-23,17.3,1830
2018-05-24,18.3,1855
2018-05-25,19.7,1893
2018-05-28,22.3,1835
2018-05-29,21.4,1835
2018-05-30,20.2,1835
2018-05-31,20.9,1823
2018-06-01,23.8,1831
2018-06-04,22.6,1831
2018-06-05,23.7,1831
2018-06-07,22.2,1888
2018-06-08,21.9,1904
2018-06-11,20.2,1910
2018-06-12,21.3,1910
2018-06-14,21.6,1909
2018-06-15,21.7,1950
2018-06-18,24.8,1970
2018-06-19,22.4,1975
2018-06-20,22.7,1975
2018-06-21,23.7,1976
2018-06-22,25,2115
2018-06-25,27.1,2115
2018-06-26,22.3,2139
2018-06-27,22.3,2115
2018-06-28,23.3,2096
2018-06-29,24.7,2096
2018-07-02,22.6,2096
2018-07-03,27.4,2109
2018-07-04,27.3,2109
2018-07-05,25.3,2164
2018-07-06,23.9,2184
2018-07-09,20.8,2198
2018-07-10,23.7,2227
2018-07-11,26.8,2284
2018-07-12,26.6,2256
2018-07-13,27.3,2254
2018-07-16,28.7,2271
2018-07-17,28.1,2271
2018-07-18,28.2,2271
2018-07-19,28.7,2296
2018-07-20,29.5,2296
2018-07-23,31.7,2334
2018-07-24,31.4,2334
2018-07-25,30.1,2334
2018-07-26,30.1,2288
2018-07-27,30.9,2288
2018-07-30,31.7,2288
2018-07-31,32.6,2279
2018-08-01,33.6,2279
2018-08-02,33.7,2179
2018-08-03,33.1,2173
2018-08-06,30.5,2173
2018-08-07,30.5,2191
2018-08-08,31,2228
2018-08-09,28.8,2234
2018-08-10,30.7,2273
2018-08-13,30.5,2204
2018-08-14,31.7,2204
2018-08-16,29.9,2204
2018-08-17,27.2,2199
2018-08-20,29.1,2174
2018-08-21,26.6,2174
2018-08-22,30.7,2174
2018-08-23,29.4,2185
2018-08-24,24.4,2185
2018-08-27,22.7,2185
2018-08-28,23.7,2210
2018-08-29,25.2,2210
2018-08-30,25.3,2153
2018-08-31,25.6,2124
2018-09-03,23.3,2124
2018-09-04,23.2,2124
2018-09-05,24,2124
2018-09-06,24.1,2136
2018-09-07,22,2129
2018-09-10,22.9,2129
2018-09-11,21.6,2138
2018-09-12,22.8,2138
2018-09-13,23.5,2175
2018-09-14,23.5,2175
2018-09-17,22.3,2175
2018-09-18,22,2150
2018-09-19,22.1,2150
2018-09-20,19,2049
2018-09-21,19.4,2049
2018-09-27,18.9,2049
2018-09-28,17.5,2049
2018-10-01,15.4,2073
2018-10-02,15.9,2073
2018-10-04,19.3,1951
2018-10-05,16.9,1951
2018-10-08,14.8,1951
2018-10-10,12,1948
2018-10-11,9.7,1984
2018-10-12,10.9,1990
2018-10-15,15.2,1980
2018-10-16,14.5,1980
2018-10-17,12.4,1980
2018-10-18,12.7,1905
2018-10-19,13.1,1905
2018-10-22,14,1905
2018-10-23,12.2,1905
2018-10-24,12.5,1905
2018-10-25,13.8,1874
2018-10-26,12.2,1870
2018-10-29,7.2,1870
2018-10-30,6.1,1861
2018-10-31,7.4,1861
2018-11-01,8.4,1774
2018-11-02,10.6,1774
2018-11-05,11.9,1774
2018-11-06,12.2,1761
2018-11-07,12.8,1761
2018-11-08,11.8,1828
2018-11-09,12.1,1803
2018-11-12,8.1,1803
2018-11-13,8.8,1803
2018-11-14,9.8,1803
2018-11-15,9.7,1750
2018-11-16,8.8,1750
2018-11-19,6.5,1775
2018-11-20,6.5,1775
2018-11-21,5.8,1775
2018-11-22,2.3,1843
2018-11-23,1.9,1843
2018-11-26,6.3,1843
2018-11-27,7.1,1843
2018-11-28,5,1843
2018-11-29,3.5,1700
2018-11-30,2.7,1700
2018-12-03,11.5,1700
2018-12-04,6.7,1691
2018-12-05,0,1691
2018-12-06,2.4,1674
2018-12-10,-2.5,1711
2018-12-11,0.2,1711
2018-12-12,-1.9,1711
2018-12-13,-2.2,1750
2018-12-14,-4.4,1750
2018-12-17,1.6,1750
2018-12-18,2.6,1750
2018-12-19,4,1750
2018-12-20,3.4,1754
2018-12-21,5.6,1763
2018-12-24,-2.3,1849
2018-12-26,-1.5,1829
2018-12-27,-10.1,1703
2018-12-28,-10.5,1723
2018-12-31,-5.4,1765
2019-01-02,-4.9,1708
2019-01-03,-3.5,1613
2019-01-04,-1.1,1605
2019-01-07,-1.9,1668
2019-01-08,-3.5,1668
2019-01-09,-4.7,1654
2019-01-10,-0.6,1654
2019-01-11,2.4,1654
2019-01-14,1.4,1691
2019-01-15,-1.7,1683
2019-01-16,-5.2,1683
2019-01-17,-0.3,1645
2019-01-18,0.6,1645
2019-01-21,-1.2,1690
2019-01-22,1.7,1690
2019-01-23,2,1690
2019-01-24,0.1,1690
2019-01-25,-1.2,1690
2019-01-28,1.2,1690
2019-01-29,-0.2,1690
2019-01-30,1.8,1683
2019-01-31,-2,1608
2019-02-01,-2.1,1608
2019-02-07,-2.1,1633
2019-02-08,-6.1,1559
2019-02-11,-3,1645
2019-02-12,-0.6,1645
2019-02-13,-2.1,1645
2019-02-14,-0.5,1513
2019-02-15,-0.8,1508
2019-02-18,0.9,1683
2019-02-19,1.4,1683
2019-02-20,1.7,1683
2019-02-21,2.4,1683
2019-02-22,4,1695
2019-02-25,4.7,1695
2019-02-26,5.2,1681
2019-02-27,7.8,1681
2019-02-28,6.6,1530
2019-03-04,9.9,1545
2019-03-05,8.4,1545
2019-03-06,8.4,1545
2019-03-07,7,1653
2019-03-08,6.1,1645
2019-03-11,6.6,1645
2019-03-12,3.9,1645
2019-03-13,3.5,1645
2019-03-14,5,1658
2019-03-15,5.5,1669
2019-03-18,7.1,1669
2019-03-19,10,1669
2019-03-20,10.3,1669
2019-03-21,7.1,1681
2019-03-22,3.3,1606
2019-03-25,7.3,1606
2019-03-26,11.4,1694
2019-03-27,11.6,1694
2019-03-28,9.4,1726
2019-03-29,9.2,1765
2019-04-01,5.5,1765
2019-04-02,6.7,1788
2019-04-03,7.6,1788
2019-04-04,9.2,1716
2019-04-05,11.4,1730
2019-04-08,11.6,1730
2019-04-09,9.2,1744
2019-04-10,7.1,1751
2019-04-11,9.5,1814
2019-04-12,11.4,1876
2019-04-15,11.6,1876
2019-04-16,14.9,1764
2019-04-17,15.3,1876
2019-04-18,12.6,1889
2019-04-19,13.8,1921
2019-04-22,19.3,1934
2019-04-23,20.4,1934
2019-04-24,19.5,1934
2019-04-25,13.2,1959
2019-04-26,8.4,1979
2019-04-29,13,1979
2019-04-30,15.5,1986
2019-05-02,17.1,1909
2019-05-03,17.9,1909
2019-05-07,15,1934
2019-05-08,15.6,1934
2019-05-09,16.6,1981
2019-05-10,17.8,1981
2019-05-13,18.7,1981
2019-05-14,19.6,1981
2019-05-15,20.7,1981
2019-05-16,23.5,1995
2019-05-17,23.6,1995
2019-05-20,16.4,1956
2019-05-21,17.2,1956
2019-05-22,19.5,1956
2019-05-23,22.1,1955
2019-05-24,24.2,1970
2019-05-27,17.8,1968
2019-05-28,18.1,1968
2019-05-29,20.3,1968
2019-05-30,19.6,1799
2019-05-31,19.1,1774
2019-06-03,23.1,1795
2019-06-04,22.6,1795
2019-06-05,23,1795
2019-06-07,20,1889
2019-06-10,18.4,1889
2019-06-11,20.5,1889
2019-06-12,21.5,1901
2019-06-13,23,1948
2019-06-14,23,1935
2019-06-17,21.7,1935
2019-06-18,20.8,1935
2019-06-19,21.4,1935
2019-06-20,22.7,1951
2019-06-21,22.1,1951
2019-06-24,25.2,1976
2019-06-25,25.6,1973
2019-06-26,25.5,1973
2019-06-27,25.5,1898
2019-06-28,24.7,1885
2019-07-01,23.9,1885
2019-07-02,24.4,1885
2019-07-03,24.1,1853
2019-07-04,25.4,1866
2019-07-05,27.6,1866
2019-07-08,25.1,1911
2019-07-09,25,1911
2019-07-10,22.7,1911
2019-07-11,21.9,1861
2019-07-12,23.6,1841
2019-07-15,23.8,1854
2019-07-16,24.7,1854
2019-07-17,25.6,1854
2019-07-18,26.9,1873
2019-07-19,28.6,1910
2019-07-22,26.7,1910
2019-07-23,28.1,1911
2019-07-24,26.5,1911
2019-07-25,26.3,1848
2019-07-26,25.1,1848
2019-07-29,27.5,1848
2019-07-30,28.1,1848
2019-07-31,25.8,1848
2019-08-01,26.3,1805
2019-08-02,28.4,1805
2019-08-05,30.5,1799
2019-08-06,31.6,1876
2019-08-07,26.9,1876
2019-08-08,28.9,1855
2019-08-09,29.8,1855
2019-08-12,26.6,1855
2019-08-13,29.2,1855
2019-08-14,30.4,1855
2019-08-16,25.9,1818
2019-08-19,26.3,1825
2019-08-20,28.2,1825
2019-08-21,27,1825
2019-08-22,26.9,1909
2019-08-23,26.2,1909
2019-08-26,26.4,1909
2019-08-27,25.7,1909
2019-08-28,26.1,1909
2019-08-29,23.4,1880
2019-08-30,22.6,1880
2019-09-02,24.4,1880
2019-09-03,24.1,1880
2019-09-04,22.8,1869
2019-09-05,23,1939
2019-09-06,25.3,1950
2019-09-09,25.1,1963
2019-09-10,23.8,1963
2019-09-11,24.3,1963
2019-09-16,24.5,1938
2019-09-17,23.5,1975
2019-09-18,21,1975
2019-09-19,19.5,2086
2019-09-20,19.6,2075
2019-09-23,20,2106
2019-09-24,19.8,2106
2019-09-25,20.9,2115
2019-09-26,22.9,2128
2019-09-27,22.9,2133
2019-09-30,22.4,2133
2019-10-01,23.1,2133
2019-10-02,21.6,2133
2019-10-04,22.4,2094
2019-10-07,14.8,2115
2019-10-08,14.7,2048
2019-10-10,15.2,1904
2019-10-11,18.8,1861
2019-10-14,14.4,1839
2019-10-15,14.5,1805
2019-10-16,14.6,1805
2019-10-17,15.4,1720
2019-10-18,17,1691
2019-10-21,17.1,1716
2019-10-22,18.1,1696
2019-10-23,17,1696
2019-10-24,18.3,1659
2019-10-25,16.7,1659
2019-10-28,12.9,1659
2019-10-29,12.5,1655
2019-10-30,11.2,1630
2019-10-31,14.8,1361
2019-11-01,14.9,1361
2019-11-04,13.8,1361
2019-11-05,12.4,1354
2019-11-06,11,1354
2019-11-07,9.2,1566
2019-11-08,6.8,1575
2019-11-11,11.2,1616
2019-11-12,9.3,1616
2019-11-13,7.2,1616
2019-11-14,1.3,1626
2019-11-15,5.6,1626
2019-11-18,4.6,1626
2019-11-19,0.2,1626
2019-11-20,0.5,1625
2019-11-21,4.2,1653
2019-11-22,9.7,1653
2019-11-25,1.9,1723
2019-11-26,6.6,1723
2019-11-27,3.1,1750
2019-11-28,3.5,1701
2019-11-29,1.5,1688
2019-12-02,-0.1,1688
2019-12-03,0.5,1725
2019-12-04,2,1725
2019-12-05,-4.4,1750
2019-12-09,3.2,1750
2019-12-10,8.1,1750
2019-12-11,6.3,1750
2019-12-12,-0.7,1725
2019-12-13,2.1,1725
2019-12-16,7.8,1725
2019-12-17,7.7,1725
2019-12-18,0.8,1725
2019-12-19,-0.8,1688
2019-12-20,-1.1,1688
2019-12-23,3.4,1694
2019-12-24,0.8,1713
2019-12-26,2,1713
2019-12-27,-1.7,1713
2019-12-30,2.7,1699
2019-12-31,-7.9,1693
2020-01-02,1,1684
2020-01-03,-0.1,1671
2020-01-06,3.1,1675
2020-01-07,6.3,1664
2020-01-08,2.4,1675
2020-01-09,-1.2,1649
2020-01-10,-0.6,1635
2020-01-13,-2.9,1629
2020-01-14,-2.3,1629
2020-01-15,-2.7,1629
2020-01-16,-1.7,1526
2020-01-17,-0.6,1526
2020-01-20,0.7,1526
2020-01-21,-0.4,1526
2020-01-22,3,1526
2020-01-23,4.6,1578
2020-01-28,6.8,1680
2020-01-29,6,1680
2020-01-30,5.2,1569
2020-01-31,3.9,1569
2020-02-03,-0.4,1630
2020-02-04,-1.6,1626
2020-02-05,-8.3,1626
2020-02-06,-6.4,1501
2020-02-07,-1.7,1501
2020-02-10,4,1451
2020-02-11,6.8,1451
2020-02-12,7.4,1451
2020-02-13,6.5,1379
2020-02-14,8.1,1330
2020-02-17,-5.9,1391
2020-02-18,-4.1,1383
2020-02-19,1,1593
2020-02-20,4.6,1638
2020-02-21,6.7,1638
2020-02-24,7,1638
2020-02-25,6.7,1638
2020-02-26,6.4,1638
2020-02-27,6.1,1610
2020-02-28,4.5,1610
2020-03-02,3.4,1524
2020-03-03,4.8,1644
2020-03-04,2.2,1659
2020-03-05,1.4,1776
2020-03-06,3.7,1860
2020-03-09,11.1,1873
2020-03-10,6.4,1811
2020-03-11,3.8,1904
2020-03-12,6.8,1824
2020-03-13,4.9,1868
2020-03-16,3.6,1918
2020-03-17,6.6,1918
2020-03-18,10,1863
2020-03-19,9.1,1859
2020-03-20,8.8,1853
2020-03-23,10.6,1915
2020-03-24,11.4,1915
2020-03-25,12.5,1915
2020-03-26,14.8,1888
2020-03-27,11.9,1888
2020-03-30,10.2,1889
2020-03-31,11.9,1900
2020-04-01,11.3,1900
2020-04-02,9.3,1894
2020-04-03,10,1894
2020-04-06,9.3,1894
2020-04-07,10.6,1894
2020-04-08,9.4,1894
2020-04-09,8.9,1836
2020-04-10,10.7,1826
2020-04-13,12.4,1826
2020-04-14,13,1826
2020-04-16,16,1914
2020-04-17,12.5,1864
2020-04-20,10,1956
2020-04-21,7.4,1956
2020-04-22,6,1956
2020-04-23,7.9,1973
2020-04-24,9.9,1973
2020-04-27,12.9,2011
2020-04-28,13.9,2008
2020-04-29,14.9,2015
2020-05-04,20.2,2094
2020-05-06,19.4,2098
2020-05-07,20.7,2169
2020-05-08,19.9,2181
2020-05-11,16.5,2234
2020-05-12,14.3,2234
2020-05-13,16.1,2243
2020-05-14,19.3,2165
2020-05-15,16.1,2185
2020-05-18,19.1,2219
2020-05-19,13,2219
2020-05-20,14.4,2219
2020-05-21,17.4,2329
2020-05-22,18.5,2316
2020-05-25,16.6,2276
2020-05-26,16.2,2326
2020-05-27,17.4,2340
2020-05-28,18.7,2363
2020-05-29,20.7,2371
2020-06-01,19.7,2390
2020-06-02,17.9,2396
2020-06-03,22,2393
2020-06-04,21.9,2354
2020-06-05,23,2345
2020-06-08,25,2354
2020-06-09,26.7,2354
2020-06-10,25.8,2413
2020-06-11,26.1,2384
2020-06-12,24.7,2386
2020-06-15,23,2386
2020-06-16,24.4,2386
2020-06-17,24.3,2386
2020-06-18,23.4,2173
2020-06-19,24.7,2173
2020-06-22,28.6,2223
2020-06-23,27.3,2216
2020-06-24,22.3,2203
2020-06-25,21.6,2229
2020-06-26,21.8,2229
2020-06-29,23.8,2229
2020-06-30,20.1,2229
2020-07-01,21.1,2229
2020-07-02,24.2,2223
2020-07-03,25.5,2223
2020-07-06,25.6,2223
2020-07-07,24.1,2223
2020-07-08,25.5,2223
2020-07-09,27.5,2166
2020-07-10,24.5,2191
2020-07-13,18.7,2193
2020-07-14,20.3,2193
2020-07-15,23.4,2196
2020-07-16,25,2181
2020-07-17,26,2181
2020-07-20,23.8,2194
2020-07-21,25,2200
2020-07-22,23.7,2200
2020-07-23,21.1,2308
2020-07-24,22.5,2308
2020-07-27,24.3,2354
2020-07-28,24.4,2311
2020-07-29,23.7,2311
2020-07-30,25.3,2338
2020-07-31,26.2,2368
2020-08-03,25,2368
2020-08-04,27,2368
2020-08-05,26.5,2368
2020-08-06,24.1,2319
2020-08-07,24.3,2319
2020-08-10,26.5,2368
2020-08-11,24.6,2371
2020-08-12,27.2,2371
2020-08-13,28,2409
2020-08-14,27.1,2409
2020-08-18,27.5,2393
2020-08-19,27.1,2393
2020-08-20,27.7,2360
2020-08-21,26.6,2364
2020-08-24,27.8,2347
2020-08-25,29.9,2340
2020-08-26,30.2,2340
2020-08-27,27.1,2194
2020-08-28,27.3,2194
2020-08-31,26.4,2194
2020-09-01,26.6,2184
2020-09-02,24.3,2184
2020-09-03,22.7,2321
2020-09-04,23.3,2321
2020-09-07,19.2,2321
2020-09-08,23.4,2321
2020-09-09,21.1,2321
2020-09-10,22.8,2165
2020-09-11,22.4,2180
2020-09-14,21.3,2243
2020-09-15,23,2246
2020-09-16,22.5,2246
2020-09-17,21.3,2285
2020-09-18,21.5,2285
2020-09-21,19.1,2360
2020-09-22,20.2,2360
2020-09-23,19.2,2373
2020-09-24,20.6,2396
2020-09-25,20.1,2371
2020-09-28,20.7,2371
2020-09-29,19.6,2371
2020-10-05,13.3,2396
2020-10-06,14.2,2396
2020-10-07,16,2396
2020-10-08,17.2,2384
2020-10-12,16.2,2259
2020-10-13,13.6,2253
2020-10-14,12.8,2303
2020-10-15,11.7,2215
2020-10-16,11.8,2215
2020-10-19,15.1,2203
2020-10-20,15.2,2203
2020-10-21,14.1,2203
2020-10-22,13.5,2265
2020-10-23,8.6,2310
2020-10-26,12.9,2291
2020-10-27,14,2246
2020-10-28,13.8,2151
2020-10-29,10.8,2039
2020-10-30,11.9,2039
2020-11-02,10.8,2004
2020-11-03,5.1,2004
2020-11-04,4.9,2004
2020-11-05,9.6,2159
2020-11-06,13.5,2159
2020-11-09,5.5,2159
2020-11-10,7.7,2151
2020-11-11,9.3,2151
2020-11-12,10.4,1994
2020-11-13,12.2,1931
2020-11-16,12.4,2006
2020-11-17,15.9,1993
2020-11-18,16.6,2061
2020-11-19,13.6,2091
2020-11-20,2.8,2029
2020-11-23,1.7,2136
2020-11-24,2.9,2136
2020-11-25,4.6,2150
2020-11-26,5.6,2100
2020-11-27,4.1,2100
2020-11-30,-0.2,2088
2020-12-01,1.1,2038
2020-12-02,2.4,2038
2020-12-03,0.7,2125
2020-12-07,3.4,2189
2020-12-08,-0.5,2200
2020-12-09,1.5,2208
2020-12-10,5.8,2158
2020-12-11,5.3,2158
2020-12-14,-7.7,2183
2020-12-15,-8.3,2183
2020-12-16,-8.3,2113
2020-12-17,-4.9,2144
2020-12-18,-2.1,2144
2020-12-21,-1,2144
2020-12-22,2,2144
2020-12-23,4.5,2144
2020-12-24,2.6,2038
2020-12-28,6.7,2038
2020-12-29,0.1,2063
2020-12-30,-10.9,2075
2020-12-31,-8.9,2031
